Predictor,Coefficient
Open Urban,-0.01076887
Forest,-0.01526222
Pasture,0.008496497
Row Crop,0.003201056
Ratio,-0.3086167