Predictor,Coefficient
Intense Urban,0.004230212
Open Urban,0.01558668
Barren,0.007596607
Forest,0.01596932
Grass Shrub,0.01445791
Pasture,0.003329809
Row Crop,0.00463991
Ratio,0.3943152
